SAMPID,XPT,YPT,ZPT,Thickness (cm),Pt (g/t),Ni (%),Cu (%)
1165,9476.3,-3297.96,0,120,0.923333333,0.197,0.001
1224,9490.75,-3692.64,0,130,5.654230769,0.001,0.0015
968,9419.35,-3767.16,0,118,10.69118644,0.001,0.0015
360,8626.3,-3186.64,0,82,0.034146341,0.0025,0.0015
267,8471.6,-3489.32,0,60,0.27,0.008,0.0015
681,9283.35,-3851.8,0,120,9.965,0.001,0.002
107,8237.85,-3770.84,0,20,7.775,0.002,0.002
489,8768.25,-3154.44,0,60,0.38,0.005,0.002
120,8248.9,-3763.48,0,20,0.245,0.001,0.0025
474,8759.75,-4065.24,0,20,0.145,0.0045,0.0025
19,8108.65,-3814.08,0,20,0.23,0.0045,0.0025
77,8208.95,-3688.04,0,20,0.16,0.0015,0.003
230,8423.15,-3714.72,0,55,0.345454545,0.05125,0.003
522,8817.55,-3189.4,0,20,0.7475,0.006,0.0035
427,8722.35,-3169.16,0,20,0.165,0.006,0.004
741,9325,-3601.56,0,20,1.615,0.0065,0.004
268,8474.15,-3755.2,0,120,0.391666667,0.019,0.004
246,8450.35,-3473.68,0,20,0.845,0.0075,0.0045
119,8248.05,-3733.12,0,20,1.21,0.0075,0.0045
314,8535.35,-3294.28,0,53,0.781132075,0.0161,0.0045
179,8297.35,-3534.4,0,20,0.58,0.006,0.005
1192,9483.1,-3303.48,0,120,1.556666667,0.194,0.005
284,8501.35,-3633.76,0,20,2.735,0.01,0.0055
242,8444.4,-3479.2,0,130,0.168461538,0.0715,0.0055
382,8651.8,-3310.84,0,60,0.76,0.075,0.006
500,8777.6,-3161.8,0,65,0.051538462,0.026,0.00625
653,9245.95,-3917.12,0,20,0.6625,0.0085,0.007
162,8278.65,-3296.12,0,20,0.195,0.0125,0.007
29,8128.2,-3834.32,0,120,0.553333333,0.015,0.007
533,8851.55,-3194.92,0,80,0.885,0.108,0.007
326,8558.3,-3609.84,0,120,0.366666667,0.19,0.007
59,8186,-3462.64,0,20,0.56,0.0115,0.0075
154,8268.45,-3274.04,0,20,0.645,0.013,0.0075
1174,9478.85,-3308.08,0,110,0.99,0.0655,0.0075
402,8677.3,-3741.4,0,110,0.08,0.129,0.0075
345,8594,-4125.96,0,20,5.1125,0.0345,0.008
530,8844.75,-3182.96,0,80,0.22,0.088,0.008
309,8530.25,-3586.84,0,20,0.265,0.007,0.0085
466,8755.5,-3352.24,0,93,1.207741935,0.02015,0.0089
121,8249.75,-3731.28,0,10,1.05,0.012,0.009
449,8739.35,-3368.8,0,100,0.452,0.033,0.009
308,8530.25,-4006.36,0,20,1.325,0.0157,0.00945
350,8608.6897,-4124.7088,0,20,1.495,0.0157,0.00945
88,8223.4,-4132.4,0,20,0.255,0.01575,0.00945
145,8264.2,-4098.36,0,20,1.205,0.01575,0.00945
338,8581.25,-3951.16,0,20,0.2,0.01585,0.0095
356,8618.65,-3965.88,0,20,0.725,0.01585,0.0095
527,8821.8,-3655.84,0,20,1.56,0.01585,0.0095
15,8101.85,-3557.4,0,110,0.243636364,0.1535,0.0095
339,8582.95,-3944.72,0,20,0.99,0.0159,0.0096
337,8580.4,-3941.04,0,20,2.665,0.0159,0.0096
335,8578.7,-3938.28,0,20,5.335,0.0159,0.0096
361,8628,-3191.24,0,60,0.306666667,0.011,0.01
480,8762.3,-3367.88,0,60,0.096666667,0.018,0.01
131,8257.4,-3340.28,0,120,0.511666667,0.032,0.01
458,8749.55,-3171.92,0,80,1.77,0.06,0.01
17,8104.4,-3561.08,0,110,0.328181818,0.1655,0.01
485,8764.85,-3356.84,0,72,0.261111111,0.0246,0.0108
789,9343.7,-3519.68,0,20,1.885,0.01805,0.01135
124,8250.6,-3330.16,0,130,0.376153846,0.028,0.0115
541,8866,-3756.12,0,130,0.785384615,0.0395,0.0115
487,8765.7,-3367.88,0,95,0.053684211,0.024,0.01175
265,8469.06275,-4126.55156,0,30,13.4785,0.0197,0.01185
572,8985,-4036.72,0,30,0.151833333,0.01985,0.01185
626,9150.75,-4094.68,0,30,0.151833333,0.01985,0.01185
163,8279.5,-4019.24,0,20,0.43,0.0125,0.012
409,8686.65,-3449.76,0,20,0.165,0.015,0.012
266,8471.6,-3751.52,0,120,0.286666667,0.029,0.012
254,8454.6,-3485.64,0,80,0.73125,0.029,0.012
13,8098.45,-3553.72,0,110,0.487272727,0.0505,0.012
205,8379.8,-3164.56,0,120,1.404166667,0.0845,0.012
1153,9473.75,-3295.2,0,125,1.3852,0.20125,0.012
634,9199.2,-3791.08,0,20,0.25,0.0175,0.01205
592,9054.7,-3972.32,0,30,0.311166667,0.02035,0.01205
596,9057.25,-3968.64,0,30,0.481166667,0.02035,0.01205
602,9061.5,-4081.8,0,30,0.5945,0.02035,0.01215
570,8982.45,-3596.96,0,30,0.151166667,0.0204,0.0122
573,8986.7,-3597.88,0,30,0.151166667,0.0204,0.0122
574,8990.1,-3599.72,0,30,0.2395,0.0204,0.0122
70,8199.6,-4109.4,0,30,0.1565,0.0209,0.0123
67,8197.05,-4106.64,0,30,0.1565,0.0209,0.0123
236,8437.6,-4056.04,0,30,0.1565,0.0209,0.0123
72,8202.15,-4112.16,0,30,0.1565,0.0209,0.0123
238,8441,-4057.88,0,30,0.1565,0.0209,0.0123
108,8239.55,-4063.4,0,30,0.266666667,0.0209,0.0123
138,8260.8,-3717.48,0,117,1.746324786,0.05225,0.0129
614,9082.75,-3539,0,20,2.475,0.0155,0.013
259,8463.95,-3742.32,0,120,0.391666667,0.025,0.013
1140,9470.86,-3295.95624,0,128,0.8390625,0.13785,0.0135
432,8724.9,-3374.32,0,87,0.128735632,0.115,0.0142
1129,9466.1,-3284.16,0,119,0.725210084,0.1278,0.0145
221,8403.6,-3864.68,0,20,3.23,0.02405,0.0149
514,8805.65,-3193.08,0,30,0.09,0.0235,0.015
420,8713,-3790.16,0,120,0.186666667,0.032,0.015
442,8733.4,-3146.16,0,60,1.376666667,0.04,0.015
332,8567.65,-3311.76,0,70,1.662857143,0.051,0.015
132,8259.1,-4069.84,0,20,7.11,0.02435,0.01525
1117,9462.7,-3288.76,0,128,0.7965625,0.1188,0.0154
362,8628,-3173.76,0,20,0.125,0.013,0.0155
483,8763.15,-3365.12,0,100,0.062,0.029,0.016
433,8726.6,-3378,0,80,0.11,0.054,0.016
128,8254.85,-3336.6,0,130,0.454615385,0.0745,0.016
534,8853.6019,-3931.35976,0,120,0.831666667,0.163,0.016
549,8873.94325,-3954.79492,0,20,1.64,0.0285,0.0165
481,8762.3,-3208.72,0,120,1.08,0.008,0.017
42,8165.6,-4051.44,0,110,0.72,0.0215,0.017
60,8187.7,-3663.2,0,130,0.964230769,0.0535,0.017
599,9060.65,-3512.32,0,20,0.665,0.0215,0.0175
312,8531.95,-3291.52,0,70,1.735714286,0.0995,0.0175
604,9063.2,-4085.48,0,40,5.12325,0.0282,0.0176
334,8577.85,-3631.92,0,120,0.085,0.03,0.018
1102,9456.37685,-3273.2074,0,130,0.771538462,0.1465,0.0185
1164,9476.3,-3304.4,0,100,1.7818,0.0736,0.0192
1147,9472.9,-3302.56,0,119,1.251764706,0.09875,0.0194
581,9034.3,-3967.72,0,30,0.8775,0.0309,0.01945
571,8983.3,-3558.32,0,30,0.114166667,0.03095,0.01945
4,8078.05,-3930,0,30,0.304,0.03125,0.0197
638,9203.1372,-3554.13768,0,30,0.225666667,0.0302,0.01975
883,9382.8,-3457.12,0,30,1.682333333,0.0302,0.01975
293,8516.65,-4060.64,0,30,0.1065,0.03135,0.0198
591,9053.85,-3933.68,0,30,13.27316667,0.03135,0.0198
391,8656.05,-3238.16,0,70,0.064285714,0.0225,0.02
102,8233.6,-3715.64,0,20,0.63,0.0245,0.02
211,8387.45,-3171.92,0,120,1.445,0.1585,0.02
14,8101,-3804.88,0,105,0.460952381,0.04225,0.0205
33,8136.1475,-3155.567,0,126,0.741071429,0.037635,0.021005
686,9289.3,-3909.76,0,81,4.913271605,0.05499,0.0212
30,8130.4389,-3150.26228,0,103,2.213980583,0.0372,0.02125
31,8134.22905,-3151.78028,0,104,1.497980769,0.03765,0.0215
476,8760.6,-3847.2,0,106,0.055566038,0.05185,0.0216
395,8666.25,-3977.84,0,120,0.116666667,0.045,0.022
392,8658.35095,-3397.21236,0,75,0.066,0.015,0.0225
58,8185.15,-3660.44,0,110,1.412727273,0.1235,0.0225
212,8391.42205,-3284.05236,0,69,0.476753623,0.038325,0.02267
404,8683.25,-3747.84,0,120,0.675,0.143,0.023
622,9107.4,-4002.68,0,130,2.811538462,0.211,0.023
1119,9463.55,-3282.32,0,118,1.28440678,0.1516,0.0234
110,8240.4,-4001.76,0,52,3.911576923,0.06094,0.02357
464,8752.1,-3174.68,0,60,0.666666667,0.034,0.024
263,8469.05,-3748.76,0,120,0.696666667,0.034,0.024
288,8509,-3642.96,0,70,2.047142857,0.0525,0.024
222,8407,-3696.32,0,80,7.38875,0.12,0.024
593,9054.7,-3949.32,0,68,7.477941176,0.04424,0.0244
1139,9470.35,-3292.44,0,125,1.4552,0.21825,0.02475
671,9278.25,-3986.12,0,88,6.967318182,0.07176,0.02496
892,9388.75,-3503.12,0,80,9.24,0.0567,0.025
81,8211.9777,-4097.38112,0,120,0.09,0.067,0.025
203,8377.25,-3160.88,0,110,1.194545455,0.16,0.025
436,8729.15,-3381.68,0,92,1.376086957,0.0878,0.02575
583,9046.2,-3949.32,0,75,4.051066667,0.04715,0.025975
264,8469.05,-3533.48,0,60,3.466666667,0.073,0.026
213,8393.4,-3417.56,0,120,0.755,0.131,0.026
207,8382.35,-3166.4,0,118,1.29559322,0.1623,0.0263
209,8384.9,-3168.24,0,120,1.763333333,0.1705,0.0265
1132,9468.53355,-3292.19988,0,117,1.552478632,0.1419,0.02655
1202,9485.65,-3307.16,0,122,1.153770492,0.2158,0.0266
597,9057.25,-3947.48,0,75,2.433866667,0.049945,0.02742
470,8757.2,-3383.52,0,75,1.572666667,0.0555,0.02775
388,8653.5,-3218.84,0,67,3.682835821,0.038,0.028
61,8187.7,-3419.4,0,110,0.283636364,0.0445,0.028
375,8645,-3257.48,0,80,2.57125,0.109,0.028
438,8731.7,-4148.04,0,94,1.043893617,0.05058,0.02821
766,9333.5,-3714.72,0,90,13.22583333,0.06215,0.02825
587,9050.45,-3952.08,0,77,2.930727273,0.05164,0.02836
1293,9510.3,-3579.48,0,90,2.043333333,0.0795,0.0285
90,8225.1,-3706.44,0,120,1.72,0.106,0.0285
1155,9474.6,-3454.36,0,87,6.839534483,0.06428,0.02866
235,8434.2,-4000.84,0,114,3.240105263,0.0515,0.02872
590,9053.85,-3945.64,0,79,3.110405063,0.052045,0.02895
270,8476.7,-3758.88,0,120,0.256666667,0.045,0.029
229,8418.05,-3739.56,0,80,2.1325,0.081,0.029
846,9368.3007,-3917.29756,0,97,5.142268041,0.0631,0.0291
441,8733.4,-4149.88,0,101,1.728222772,0.052295,0.02919
582,9045.7648,-4011.4844,0,88,14.31545455,0.05321,0.02931
616,9089.5789,-4013.6924,0,81,1.868395062,0.05335,0.029455
446,8736.8,-3393.64,0,110,0.094545455,0.0445,0.0295
801,9347.95,-3878.48,0,50,5.7358,0.05295,0.02985
479,8761.45,-3391.8,0,80,0.55,0.05,0.03
465,8753.8,-3358.68,0,100,3.03,0.068,0.03
1287,9507.75,-3347.64,0,70,8.157142857,0.074,0.03
440,8732.55,-3151.68,0,60,3.013333333,0.11,0.03
501,8779.3,-3159.96,0,75,1.302333333,0.09675,0.03025
785,9341.2707,-3993.50484,0,125,6.60512,0.09245,0.030425
608,9066.5439,-4005.92668,0,84,5.236190476,0.05543,0.0305
521,8816.7,-3396.4,0,92,3.044347826,0.0578,0.0306
1077,9448.25,-3471.84,0,85,8.056047059,0.0824,0.031
439,8731.7,-3362.36,0,44,11.30590909,0.0487,0.0312
629,9163.5,-3912.52,0,88,1.189193182,0.14946,0.03144
584,9047.05,-3953.92,0,100,6.629,0.0568,0.03155
641,9211.65845,-3617.60756,0,90,2.606666667,0.05795,0.03185
589,9053.4488,-4127.53596,0,116,0.278103448,0.11035,0.03186
620,9099.75,-3851.8,0,110,1.047272727,0.05795,0.0319
129,8256.55,-3743.24,0,120,1.796666667,0.055,0.032
511,8803.1,-3258.4,0,40,19.8,0.079,0.032
397,8668.8,-3396.4,0,70,4.281428571,0.0995,0.032
585,9048.6412,-4014.80652,0,115,6.000552174,0.05815,0.032305
865,9374.59835,-3921.97484,0,86,8.22372093,0.05816,0.03245
642,9214.04355,-3621.0318,0,106,3.0205,0.05862,0.03249
517,8810.75,-3384.44,0,92,2.770869565,0.1519,0.0326
605,9063.7491,-4002.9514,0,115,2.689086957,0.05841,0.032625
986,9423.6,-3447,0,74,9.603783784,0.05786,0.03263
1095,9454.15835,-3273.37208,0,118,1.676186441,0.1542,0.0327
69,8198.75,-3432.28,0,126,1.665396825,0.0799,0.0329
606,9064.0891,-4008.71428,0,94,2.432180851,0.05981,0.033125
815,9352.96585,-3983.52744,0,112,9.121071429,0.06951,0.03327
1112,9461,-3462.64,0,86,7.5625,0.06793,0.03338
628,9160.1,-3909.76,0,101,2.189232673,0.175785,0.03355
454,8747,-4109.4,0,122,0.652459016,0.06036,0.0336
595,9055.96055,-4009.8468,0,109,5.088463303,0.060625,0.033605
383,8652.65,-3392.72,0,60,3.09,0.143,0.034
202,8375.55,-3156.28,0,120,3.138333333,0.144,0.034
515,8807.35,-4143.44,0,120,2.04,0.199,0.034
233,8433.35,-3996.24,0,118,7.084152542,0.06161,0.03418
882,9382.8,-3497.6,0,95,5.492105263,0.0916,0.0342
601,9061.45155,-4005.51084,0,120,5.937833333,0.061585,0.03427
239,8441.6902,-4126.80732,0,86,0.579627907,0.0849,0.03438
241,8443.55,-4019.24,0,104,2.525682692,0.06243,0.03449
525,8821.8,-4159.08,0,110,1.705454545,0.163,0.0345
1144,9472.05,-3451.6,0,78,9.942487179,0.06577,0.03464
868,9376.6494,-4077.3518,0,120,5.260833333,0.1104,0.0348
1231,9491.5694,-3924.61892,0,120,6.898333333,0.1104,0.0348
914,9398.95,-3515.08,0,97,4.178762887,0.09344,0.03484
586,9049.6,-3947.48,0,99,1.176969697,0.062845,0.0349
531,8846.45,-3178.36,0,80,2.42,0.099,0.035
588,9052.2928,-4018.52424,0,123,6.167617886,0.06335,0.035075
240,8442.7,-4014.64,0,108,1.825712963,0.06371,0.03523
1277,9505.2,-3344.88,0,56,8.942857143,0.0733,0.0355
16,8103.55,-3807.64,0,120,0.756666667,0.127,0.0355
54,8181.75,-4042.24,0,96,7.9225,0.07864,0.03592
286,8503.9,-3636.52,0,70,3.6,0.104,0.0365
1014,9429.941,-4057.01612,0,120,7.726666667,0.109,0.0368
165,8281.2,-3299.8,0,70,1.571428571,0.0405,0.037
99,8230.2,-3402.84,0,30,2.696666667,0.0585,0.037
247,8451.2,-4033.04,0,120,0.613333333,0.0676,0.0373
250,8452.9,-4036.72,0,120,2.455,0.0676,0.0373
1261,9501.8,-3707.36,0,100,11.4592,0.07745,0.0373
611,9073.74425,-4044.70652,0,105,0.405714286,0.06775,0.0374
551,8875.35,-3193.08,0,60,1.705,0.0595,0.0375
117,8247.2,-3997.16,0,78,1.499910256,0.09036,0.03772
852,9370.05,-3563.84,0,130,3.66,0.1049,0.0378
1154,9474.6,-3793.84,0,96,10.74560417,0.0944,0.03782
113,8243.8,-3999,0,97,8.193639175,0.11644,0.038225
228,8414.65,-3997.16,0,107,2.352934579,0.06919,0.03828
227,8412.95,-3993.48,0,107,5.809570093,0.06919,0.03828
648,9235.75,-3550.96,0,91,8.643956044,0.09397,0.038365
1263,9501.8,-3341.2,0,75,11.74666667,0.08775,0.0385
1173,9478.85,-3470.92,0,93,13.01616129,0.09526,0.03851
650,9240,-3582.24,0,120,7.958333333,0.1105,0.0386
1267,9504.0372,-3956.04704,0,120,7.073333333,0.1143,0.0386
1023,9432.4689,-4103.36296,0,120,8.738333333,0.1143,0.0386
946,9412.84835,-4091.61456,0,120,8.778333333,0.1143,0.0386
1039,9436.09585,-4100.92128,0,120,10.77833333,0.1143,0.0386
600,9060.7129,-3999.9062,0,126,1.358420635,0.07009,0.03881
98,8230.2,-3406.52,0,92,0.348913043,0.2949,0.0389
976,9420.4941,-4055.81,0,109,15.14868349,0.09765,0.03919
473,8758.9,-3205.96,0,110,4.356363636,0.0415,0.0395
126,8253.15,-3332.92,0,110,2.193636364,0.1715,0.0395
1300,9512.31875,-3795.32212,0,120,3.1425,0.1284,0.0396
743,9325.9792,-4001.61464,0,120,3.605,0.1284,0.0396
1204,9486.2501,-3797.62212,0,120,6.441666667,0.1284,0.0396
546,8871.95,-3191.24,0,50,5.984,0.067,0.04
749,9328.4,-3709.2,0,110,7.956363636,0.0811,0.04
421,8715.55,-3793.84,0,110,0.645454545,0.124,0.04
1295,9510.3,-3350.4,0,68,9.200294118,0.084,0.0401
539,8864.3,-3962.2,0,84,0.065880952,0.0986,0.04022
1308,9513.7,-3354.08,0,67,8.195895522,0.0874,0.04025
274,8478.0277,-4120.94324,0,57,5.772368421,0.067865,0.04033
243,8448.65,-3479.2,0,50,1.75,0.054,0.0405
387,8653.5,-3299.8,0,35,17.91857143,0.07375,0.0405
1,8055.1,-3798.44,0,120,3.480833333,0.208975,0.04055
921,9402.65345,-3984.86052,0,120,2.0075,0.1332,0.0408
836,9364.7103,-4028.01496,0,120,2.86,0.1332,0.0408
839,9365.03415,-4037.83872,0,120,3.293333333,0.1332,0.0408
1284,9507.33605,-3949.6788,0,120,3.743333333,0.1332,0.0408
1283,9507.1057,-3971.36228,0,120,3.971666667,0.1332,0.0408
1185,9482.01965,-4057.8018,0,120,4.596666667,0.1344,0.0408
1296,9511.15935,-4069.35516,0,120,6.716666667,0.1344,0.0408
542,8866.85,-3965.88,0,86,0.096523256,0.10105,0.04093
251,8452.9,-3996.24,0,120,4.494291667,0.0738,0.04095
426,8721.5,-3146.16,0,80,3.1475,0.081,0.041
618,9095.8655,-4019.04864,0,130,1.788230769,0.0741,0.04115
76,8208.95,-4104.8,0,88,2.985454545,0.10242,0.04138
748,9327.55,-3936.44,0,102,9.013676471,0.10354,0.04139
57,8185.15,-4038.56,0,118,3.13220339,0.09387,0.04163
547,8872.8,-3971.4,0,96,10.51184375,0.11342,0.04168
1078,9448.437,-3264.2834,0,121,2.612066116,0.1919,0.04175
486,8764.85,-3211.48,0,120,0.978333333,0.051,0.042
336,8580.4,-4110.32,0,70,1.551428571,0.0785,0.042
301,8524.3,-4041.32,0,120,2.923333333,0.211,0.042
721,9317.35,-3711.04,0,107,6.806570093,0.10284,0.04207
417,8704.5,-3987.04,0,106,7.257773585,0.10008,0.04222
619,9098.866,-4021.5676,0,129,1.555503876,0.076295,0.042225
910,9396.4,-3817.76,0,110,8.660909091,0.107,0.0423
455,8747,-3169.16,0,70,5.317142857,0.126,0.0425
73,8203,-3681.6,0,130,2.904615385,0.1875,0.0425
451,8741.05,-3372.48,0,80,3.83,0.095,0.043
190,8330.5,-3474.6,0,74,11.28402703,0.10109,0.04302
0,8054.25,-3793.84,0,140,1.660357143,0.2518,0.04315
972,9419.38315,-4044.39096,0,130,6.398846154,0.12135,0.04345
902,9393.85,-3507.72,0,100,6.638,0.0791,0.04355
989,9424.59195,-4144.74272,0,102,10.1639902,0.09147,0.04357
937,9409.15,-3507.72,0,109,7.620275229,0.10998,0.04363
51,8179.2,-4045,0,95,3.060236842,0.1109,0.0439
864,9374.3,-3508.64,0,110,5.569090909,0.1109,0.04395
961,9415.95,-3556.48,0,110,5.700909091,0.1109,0.04395
1128,9466.1,-3469.08,0,110,10.57909091,0.1109,0.04395
463,8752.1,-3369.72,0,120,4.615,0.258,0.044
96,8229.35,-3411.12,0,126,1.238095238,0.0616,0.0442
2,8056.8,-3803.04,0,136,0.986323529,0.238815,0.0442
903,9394.139,-4042.13236,0,120,4.981666667,0.1339,0.0443
805,9349.2573,-3963.91396,0,120,9.68,0.1339,0.0443
844,9367.71335,-3994.9336,0,120,11.28333333,0.1339,0.0443
50,8176.65,-4049.6,0,97,0.359376289,0.11334,0.04462
958,9415.86925,-3828.30964,0,120,11.23166667,0.1356,0.0447
832,9362.536,-3988.77604,0,120,5.245,0.1359,0.0448
872,9379.1246,-4006.81356,0,120,8,0.1359,0.0448
1188,9482.84925,-3800.188,0,120,8.195,0.1359,0.0448
1133,9469.5,-3784.64,0,108,4.219259259,0.1333,0.04514
1298,9511.27665,-3966.60956,0,90,7.160666667,0.0794,0.04515
1113,9461.44625,-3889.8742,0,90,3.919055556,0.07955,0.04515
905,9394.7,-3814.08,0,108,8.438111111,0.13438,0.04524
366,8632.25,-3939.2,0,130,0.883076923,0.0915,0.0455
353,8613.66135,-4105.08336,0,120,1.701666667,0.1434,0.0455
354,8615.25,-3967.72,0,120,0.866666667,0.1425,0.0456
765,9332.78515,-4127.51848,0,120,6.903333333,0.139,0.0457
1056,9442.2507,-3902.31536,0,120,7.015,0.139,0.0457
956,9415.58535,-3941.5092,0,120,7.65,0.139,0.0457
885,9383.0499,-4100.19908,0,120,7.741666667,0.139,0.0457
1054,9441.2171,-3928.86012,0,120,7.999166667,0.139,0.0457
845,9368.0593,-4068.55476,0,120,8.033333333,0.139,0.0457
899,9392.62685,-4066.75524,0,120,8.535,0.139,0.0457
1240,9494.27325,-3969.87096,0,120,8.598333333,0.139,0.0457
1082,9450.54415,-3936.45288,0,120,9.860833333,0.139,0.0457
897,9391.40455,-3955.48584,0,120,13.47833333,0.139,0.0457
1254,9500.066,-4054.6048,0,120,2.668333333,0.1402,0.0457
1256,9500.42895,-4092.94672,0,120,4.528333333,0.1402,0.0457
1069,9445.47305,-4130.8912,0,120,5.305833333,0.1402,0.0457
1005,9427.9333,-4114.90252,0,120,7.33,0.1402,0.0457
1182,9481.52665,-4100.177,0,120,8.525,0.1402,0.0457
1235,9492.467,-4083.29776,0,120,9.108333333,0.1402,0.0457
1137,9470.22675,-4140.0406,0,120,9.335,0.1402,0.0457
1099,9455.6093,-3990.4762,0,130,6.632307692,0.1273,0.04575
740,9325,-3744.16,0,105,10.57630952,0.13335,0.04575
342,8589.75,-3960.36,0,100,1.878,0.1178,0.0458
997,9426.17975,-4061.99884,0,125,4.27408,0.1412,0.04635
82,8212.35,-4114.92,0,102,0.308431373,0.11943,0.04652
954,9415.1,-3457.12,0,107,10.68684579,0.13688,0.04653
1211,9487.35,-3712.88,0,102,2.691715686,0.10854,0.04659
829,9361.55,-3940.12,0,120,5.360833333,0.1401,0.0468
1036,9435.52635,-3808.30884,0,120,6.722916667,0.1401,0.0468
918,9401.28325,-3902.8186,0,138,6.02076087,0.08719,0.04681
1047,9439.4695,-4098.77492,0,120,7.113333333,0.1404,0.0469
260,8465.65,-3511.4,0,65,10.83153846,0.11575,0.047
735,9324.06415,-4145.0822,0,120,5.025,0.1415,0.047
761,9330.8582,-4109.0228,0,120,8.241666667,0.1415,0.047
760,9330.29465,-4060.06776,0,120,5.17,0.1416,0.047
768,9333.6122,-4050.3222,0,120,7.553333333,0.1416,0.047
777,9338.0628,-4070.14176,0,120,8.365,0.1416,0.047
811,9351.4265,-4051.32132,0,120,8.97,0.1416,0.047
1285,9507.75,-3754.28,0,107,3.732242991,0.13979,0.0472
878,9382.5433,-4000.48028,0,120,7.753333333,0.1006,0.0474
988,9423.78955,-4051.7344,0,120,7.83,0.1006,0.0474
1016,9431.25,-3795.68,0,130,5.670923077,0.1376,0.0474
544,8869.4,-3969.56,0,110,2.055,0.13295,0.04755
310,8531.1,-3945.64,0,106,1.11890566,0.12592,0.04761
1019,9431.7073,-4068.23552,0,129,4.431085271,0.14552,0.04767
1142,9471.5961,-3896.89656,0,138,3.22,0.09956,0.04786
252,8454.6,-3601.56,0,70,3.73,0.1,0.048
1075,9447.3286,-4004.29092,0,130,11.32676923,0.14985,0.048
472,8758.8167,-4085.88848,0,120,2.24,0.16,0.048
1281,9506.53195,-4039.93264,0,118,6.783915254,0.14594,0.04808
1302,9512.85,-3582.24,0,117,2.567179487,0.1183,0.04825
508,8798.85,-3255.64,0,50,15.828,0.076,0.0485
280,8489.45,-4101.12,0,91,0.252582418,0.081035,0.048645
1035,9435.5,-3547.28,0,113,9.077477876,0.14319,0.04877
879,9382.8,-3648.48,0,113,10.83389381,0.14432,0.04877
783,9339.87075,-4089.92452,0,120,3.185833333,0.1483,0.0488
1233,9491.67735,-4045.81512,0,120,3.648333333,0.1483,0.0488
1203,9485.7384,-3980.32308,0,120,4.735833333,0.1483,0.0488
1068,9445.34385,-4104.36576,0,120,5.037666667,0.1483,0.0488
1278,9505.4601,-3901.9216,0,120,5.345833333,0.1483,0.0488
1121,9464.4221,-3940.38404,0,120,5.7225,0.1483,0.0488
1247,9498.1892,-3891.09228,0,120,6.161666667,0.1483,0.0488
1156,9475.30635,-3994.6392,0,120,6.175,0.1483,0.0488
893,9388.86815,-3907.39284,0,120,6.183333333,0.1483,0.0488
933,9409.0514,-3898.35016,0,120,6.413333333,0.1483,0.0488
1214,9488.0708,-3997.41392,0,120,7.045,0.1483,0.0488
1037,9435.8162,-3935.26792,0,120,7.233333333,0.1483,0.0488
804,9349.2284,-4097.88988,0,120,7.3375,0.1483,0.0488
1126,9465.90875,-4075.94696,0,120,7.931666667,0.1483,0.0488
967,9419.03465,-3913.56052,0,120,8.028333333,0.1483,0.0488
1266,9503.51105,-3978.39568,0,120,8.594166667,0.1483,0.0488
1079,9449.91855,-4142.08208,0,120,8.64,0.1483,0.0488
1210,9487.22335,-3915.28552,0,120,9.213333333,0.1483,0.0488
1041,9437.6097,-3956.013,0,120,9.495,0.1483,0.0488
981,9422.09295,-3932.05896,0,120,10.87416667,0.1483,0.0488
1018,9431.335,-3965.56628,0,120,11.28166667,0.1483,0.0488
867,9376.23035,-4036.08704,0,120,11.89166667,0.1483,0.0488
831,9362.39405,-4073.6672,0,120,12.115,0.1483,0.0488
1110,9460.85295,-3921.1772,0,120,12.9275,0.1483,0.0488
1229,9490.75,-3509.56,0,113,7.635752212,0.14319,0.04887
215,8395.95,-3420.32,0,120,2.565,0.229,0.049
281,8492.85,-4103.88,0,92,0.283967391,0.08202,0.04924
1239,9494.15,-3732.2,0,111,7.809369369,0.11682,0.04947
46,8173.25,-4060.64,0,120,1.851666667,0.1115,0.0495
1201,9485.65,-3516,0,115,6.561086957,0.14565,0.04965
389,8655.2,-3303.48,0,80,6.50125,0.0725,0.05
1303,9512.85,-3343.04,0,70,14.67857143,0.115,0.05
978,9421.05,-3541.76,0,111,9.791351351,0.14598,0.05001
105,8236.8946,-4087.81312,0,115,2.332630435,0.1352,0.050125
649,9239.15,-3576.72,0,114,14.7754386,0.11958,0.05043
497,8775.05,-4145.28,0,103,9.766019417,0.136755,0.050465
8,8091.65,-3795.68,0,130,3.244615385,0.077,0.0505
1200,9485.65,-3517.84,0,120,9.839375,0.12,0.0505
798,9346.7923,-3946.537,0,120,8.746666667,0.15,0.0507
553,8878.75,-3195.84,0,44,7.439090909,0.0823,0.0509
1234,9492.45,-3719.32,0,116,5.793232759,0.12142,0.05107
862,9373.5095,-4001.14544,0,139,6.447647482,0.15642,0.05107
493,8771.65,-3378,0,90,5.224444444,0.12,0.0515
684,9286.75,-3888.6,0,120,3.355,0.1503,0.052
712,9312.25,-3881.24,0,120,4.406666667,0.1503,0.052
1273,9505.2,-3732.2,0,120,4.551666667,0.1503,0.052
719,9315.65,-3946.56,0,120,5.07,0.1503,0.052
1017,9431.25,-3539,0,120,6.461666667,0.1503,0.052
661,9261.25,-3540.84,0,120,8.975,0.1503,0.052
729,9321.6,-3951.16,0,120,10.87166667,0.1503,0.052
1088,9452.5,-3459.88,0,119,13.41584034,0.12418,0.05203
806,9349.65,-3930.92,0,135,9.332962963,0.1569,0.05205
1013,9429.55,-3507.72,0,120,7.132291667,0.12385,0.0521
901,9393.85,-3814.08,0,120,8.666666667,0.1538,0.0521
133,8259.1,-3720.24,0,112,1.111785714,0.0781,0.0523
1043,9438.05,-3780.04,0,120,5.574125,0.1251,0.05235
762,9331.8,-3942.88,0,120,6.313333333,0.1251,0.05235
1242,9495,-3703.68,0,120,8.533333333,0.1251,0.05235
942,9411.33365,-3821.24496,0,136,8.296029412,0.11663,0.05236
886,9383.5242,-4058.50652,0,130,5.453153846,0.1601,0.0524
884,9383.0193,-4029.37012,0,130,5.582307692,0.1601,0.0524
991,9425.57115,-3905.2152,0,130,7.256923077,0.1601,0.0524
1090,9452.97515,-3976.8786,0,130,8.317692308,0.1601,0.0524
919,9401.398,-3940.93788,0,130,8.43,0.1601,0.0524
856,9370.96885,-4082.4946,0,130,9.599230769,0.1601,0.0524
742,9325.44285,-4078.82472,0,130,9.813846154,0.1601,0.0524
75,8207.25,-4106.64,0,110,7.782727273,0.148,0.0526
1241,9494.7161,-3806.82672,0,130,4.248461538,0.1495,0.0526
255,8455.45,-4068.92,0,124,0.87716129,0.14674,0.05262
1007,9428.4382,-3948.13596,0,131,3.108862595,0.16128,0.05276
1009,9429.1029,-4105.58568,0,130,5.325538462,0.1103,0.0528
1042,9437.71,-4066.44612,0,130,5.415769231,0.1103,0.0528
1299,9511.7467,-3880.91892,0,120,4.657958333,0.13985,0.053
987,9423.62465,-4038.3668,0,126,11.62969048,0.14863,0.05311
763,9332.5871,-3978.35428,0,130,11.18307692,0.1516,0.0533
794,9346.22705,-3961.1696,0,130,12.08884615,0.1516,0.0533
1272,9504.75545,-3794.32944,0,130,6.853076923,0.15195,0.05335
888,9385.35,-3651.24,0,130,6.394615385,0.1592,0.05345
965,9418.09285,-4032.35092,0,127,5.487968504,0.14976,0.05347
699,9303.67775,-4137.52624,0,133,6.646315789,0.16364,0.05348
780,9338.97655,-4009.97744,0,125,5.8292,0.14845,0.05365
1279,9506.00155,-3859.0588,0,136,6.092797794,0.118815,0.053685
1217,9489.05,-3736.8,0,120,4.596666667,0.1574,0.0537
773,9336.05,-3895.96,0,120,7.94,0.1574,0.0537
1169,9478.51595,-3990.08704,0,134,10.52223881,0.16482,0.05384
627,9152.45,-4053.28,0,120,2.386666667,0.091,0.054
1291,9509.69225,-3801.45484,0,126,12.83551587,0.14994,0.05422
771,9335.40995,-3981.16304,0,120,6.725625,0.1427,0.0543
928,9406.4878,-3933.33684,0,130,6.971153846,0.15525,0.0543
1253,9499.92065,-3934.78492,0,130,8.093076923,0.15525,0.0543
826,9359.29155,-4011.75028,0,119,6.940546218,0.15969,0.05438
952,9414.2993,-3922.26004,0,130,5.143846154,0.1555,0.05445
1083,9450.60535,-3894.67568,0,130,5.211538462,0.1555,0.05445
779,9338.9128,-4054.67748,0,130,6.099230769,0.1555,0.05445
797,9346.61295,-4064.51504,0,130,6.323846154,0.1555,0.05445
1089,9452.6445,-4151.20664,0,108,4.479138889,0.13348,0.05461
764,9332.6874,-4004.33232,0,134,8.034462687,0.15592,0.05462
1250,9499.1803,-3825.948,0,134,2.851380597,0.15627,0.05467
781,9339.45,-3721.16,0,122,6.739754098,0.15236,0.05494
630,9166.05,-4068,0,110,6.16,0.094,0.055
437,8730,-3342.12,0,100,3.222,0.102,0.055
1053,9440.87285,-4065.608,0,135,7.476851852,0.15735,0.055
322,8553.2,-3956.68,0,99,17.34157576,0.12787,0.055045
232,8433.35,-4071.68,0,130,11.46711538,0.15675,0.05505
932,9408.3,-3491.16,0,128,11.63834375,0.1599,0.05512
632,9194.95,-3792,0,41,6.403902439,0.0868,0.05515
923,9403.8222,-4081.34828,0,138,3.223543478,0.16954,0.05528
1268,9504.35,-3752.44,0,114,8.823377193,0.15303,0.0553
343,8590.6,-4135.16,0,120,6.733333333,0.1577,0.0554
1011,9429.55,-3808.56,0,130,5.183846154,0.1568,0.0557
1111,9460.949,-3981.25688,0,130,8.946153846,0.1579,0.0557
667,9273.15,-3926.32,0,117,7.080235043,0.15271,0.05573
1252,9499.41575,-3813.61264,0,138,8.227717391,0.16059,0.05599
328,8559.15,-3302.56,0,60,8.72,0.184,0.056
1222,9489.9,-3482.88,0,113,8.489035398,0.15264,0.05608
1257,9500.67035,-3851.6528,0,138,5.489681159,0.16079,0.05614
257,8458,-4072.6,0,136,9.090794118,0.16202,0.05672
341,8589.75,-4156.32,0,134,4.879223881,0.16141,0.05695
279,8486.9,-4098.36,0,105,0.043095238,0.094825,0.056975
495,8773.35,-3300.72,0,85,4.120588235,0.09775,0.057
756,9330.1,-3750.6,0,125,7.82168,0.129,0.057
244,8450.35,-3552.8,0,70,6.598571429,0.164,0.057
1025,9433.31805,-3804.67484,0,134,7.190171642,0.16128,0.0571
703,9305.45,-3999,0,116,7.923922414,0.15648,0.05731
491,8769.559,-3906.11128,0,99,6.095616162,0.166655,0.05765
506,8793.75,-3766.24,0,105,15.28390476,0.13925,0.057725
1063,9444.0731,-3967.61696,0,130,4.617615385,0.1655,0.058
1026,9433.61895,-3893.47324,0,130,5.158461538,0.1655,0.058
1219,9489.69855,-4067.6366,0,130,6.707615385,0.1655,0.058
857,9371.2587,-3942.7374,0,130,6.708461538,0.1655,0.058
979,9421.8745,-3957.71132,0,130,7.469230769,0.1655,0.058
1086,9451.5106,-3913.44644,0,130,7.828461538,0.1655,0.058
1104,9456.95825,-3950.10384,0,130,8.435384615,0.1655,0.058
1072,9446.3545,-3920.202,0,130,8.600692308,0.1655,0.058
900,9393.79645,-3933.54292,0,130,9.053846154,0.1655,0.058
1184,9481.859,-3954.53088,0,130,9.628846154,0.1655,0.058
891,9386.6794,-3961.98656,0,130,10.09153846,0.1655,0.058
1175,9479.12625,-3904.79844,0,130,10.14171538,0.1655,0.058
843,9367.5918,-4020.65956,0,130,10.50076923,0.1655,0.058
1006,9428.3651,-3921.33912,0,130,10.61,0.1655,0.058
1067,9444.85425,-3943.24248,0,130,13.16461538,0.1655,0.058
993,9426.15,-3789.24,0,135,7.2225,0.17495,0.05805
813,9352.2,-3546.36,0,118,12.64338983,0.15904,0.05813
344,8593.15,-4138.84,0,110,6.52,0.1879,0.05815
1114,9461.85,-3784.64,0,130,8.690730769,0.1637,0.0585
970,9419.35,-3522.44,0,119,15.65239496,0.16032,0.05854
569,8973.01755,-3424.51336,0,81,4.042098765,0.1161,0.05855
1048,9439.6038,-4034.9214,0,119,8.860970588,0.1627,0.05859
625,9135.45,-3941.96,0,103,11.93419903,0.14247,0.05861
1238,9494.15,-3744.16,0,137,7.515510949,0.1707,0.05863
732,9322.9328,-4099.58912,0,132,7.097905303,0.16786,0.05872
687,9290.15,-3948.4,0,128,9.779179688,0.16609,0.05894
1213,9487.70955,-4119.48596,0,120,6.464541667,0.164,0.059
734,9323.3,-3885.84,0,138,3.885507246,0.1719,0.05902
904,9394.4909,-3971.22612,0,133,8.223406015,0.16904,0.05908
1027,9433.8,-3815.92,0,140,6.80875,0.168,0.0592
726,9320.75,-3916.2,0,139,9.26647482,0.1731,0.05941
692,9296.1,-3954.84,0,130,7.606576923,0.16855,0.0597
911,9397.05705,-4058.24892,0,135,7.282055556,0.1714,0.0598
929,9406.58215,-4130.123,0,135,8.919185185,0.1714,0.0598
1258,9500.95,-3724.84,0,140,6.81,0.1743,0.0598
753,9329.25,-3891.36,0,140,11.45285714,0.1743,0.0598
1130,9466.95,-3791.08,0,140,6.711428571,0.1784,0.0599
739,9325,-3769,0,128,6.600929688,0.15549,0.05993
496,8773.35,-3179.28,0,120,4.1,0.169,0.06
234,8434.2,-4032.12,0,117,8.21582906,0.159765,0.060105
858,9372.36625,-4048.12248,0,136,5.774676471,0.17258,0.06016
710,9311.00815,-4034.27372,0,136,6.592132353,0.17258,0.06016
1197,9485.2726,-3949.82968,0,136,6.845213235,0.17258,0.06016
945,9412.4735,-4014.23152,0,136,10.18975,0.17258,0.06016
782,9339.47465,-3942.28108,0,130,8.891538462,0.16795,0.0603
1265,9503.48045,-3989.13944,0,135,8.509014815,0.17194,0.06036
349,8603.35,-3905.16,0,90,4.132222222,0.0825,0.0605
822,9356.2137,-4019.14248,0,137,11.29574453,0.17376,0.06052
1196,9484.8,-3476.44,0,124,3.793951613,0.16672,0.06059
1097,9454.4958,-4092.78296,0,124,4.838032258,0.1692,0.06064
906,9395.27035,-3994.03292,0,124,8.100879032,0.1692,0.06064
715,9313.95,-3757.04,0,130,7.524730769,0.15775,0.06065
1029,9433.8,-3514.16,0,130,7.139230769,0.16995,0.0608
23,8114.6,-3891.36,0,118,8.102779661,0.15308,0.06084
962,9417.004,-3964.20376,0,138,4.751942029,0.17494,0.06088
940,9410.33405,-3948.9612,0,138,6.265927536,0.17494,0.06088
1038,9435.8808,-3980.97352,0,138,7.489550725,0.17494,0.06088
944,9411.7204,-4136.96872,0,138,7.919376812,0.17494,0.06088
1101,9456.2502,-3908.27236,0,138,8.17573913,0.17494,0.06088
957,9415.7732,-3986.65636,0,138,8.596362319,0.17494,0.06088
998,9426.2622,-3991.78812,0,138,11.22252174,0.17494,0.06088
916,9399.7813,-4048.27336,0,132,9.952992424,0.15878,0.06089
554,8883.85,-3185.72,0,50,7.048,0.0915,0.061
399,8672.2,-3492.08,0,71,7.637957746,0.1415,0.0611
623,9110.8,-4014.64,0,109,7.532807339,0.18683,0.061185
915,9399.37075,-3965.23968,0,139,6.373697842,0.17612,0.06124
1031,9434.0431,-4001.47112,0,139,7.862726619,0.17612,0.06124
828,9360.513,-4059.97576,0,139,8.673158273,0.17612,0.06124
1070,9445.7,-3783.72,0,128,5.33915625,0.17131,0.06135
1051,9440.6,-3777.28,0,128,9.449,0.17131,0.06135
834,9363.3486,-3910.39296,0,134,9.162835821,0.16066,0.06138
1012,9429.55,-3534.4,0,126,7.16297619,0.16928,0.06141
393,8661.15,-3400.08,0,75,9.484666667,0.24275,0.0615
1230,9491.4691,-3936.50716,0,140,3.814035714,0.1773,0.0616
1168,9478.4505,-3958.9708,0,140,7.729678571,0.1773,0.0616
796,9346.51775,-3989.593,0,134,5.590485075,0.16106,0.06163
990,9425.3,-3527.04,0,140,10.79714286,0.1401,0.0617
1109,9460.15,-3766.24,0,130,5.703461538,0.1686,0.0618
658,9251.05,-3570.28,0,130,6.038230769,0.1686,0.0618
689,9295.25,-3914.36,0,130,9.854615385,0.16995,0.0618
1136,9469.908,-4072.15288,0,125,12.73456,0.17175,0.06215
707,9308,-3907,0,128,5.181210938,0.17184,0.06223
821,9356.0437,-4112.69728,0,128,4.477953125,0.1744,0.06228
1209,9486.57905,-4130.94824,0,128,5.0243125,0.1744,0.06228
924,9403.88425,-4003.05812,0,128,8.213695312,0.1744,0.06228
1000,9427.22355,-4053.80256,0,120,4.806666667,0.1703,0.0623
977,9420.9378,-4048.75176,0,120,6.801666667,0.1703,0.0623
1032,9435.05715,-4063.20864,0,120,11.77583333,0.1703,0.0623
926,9405.28675,-4054.28188,0,136,8.166875,0.16334,0.06237
189,8322,-3488.4,0,132,4.174431818,0.17811,0.06241
769,9334.35,-3928.16,0,130,8.280192308,0.1728,0.06245
621,9101.45,-4089.16,0,106,4.046226415,0.18177,0.0625
863,9373.9906,-4120.7114,0,118,12.02410169,0.14703,0.06256
835,9363.81525,-4051.25508,0,126,5.443960317,0.17306,0.06257
1289,9509.45,-3738.64,0,129,4.882131783,0.17312,0.06264
841,9366.65,-3507.72,0,129,6.373875969,0.17312,0.06264
231,8429.95,-4075.36,0,124,2.963104839,0.16271,0.06269
814,9352.43885,-4130.52136,0,129,5.882705426,0.1757,0.06269
1123,9465.25,-3772.68,0,120,8.394166667,0.1597,0.0628
818,9354.75,-3937.36,0,130,8.119230769,0.15595,0.06295
1172,9478.85,-3495.76,0,133,9.586958647,0.1722,0.06297
548,8873.65,-3178.36,0,70,10.47,0.1225,0.063
127,8254,-3740.48,0,120,6.455,0.133,0.063
774,9336.05,-3867.44,0,130,6.038115385,0.1744,0.06305
1259,9500.95,-3710.12,0,130,6.573461538,0.1744,0.06305
1243,9495.85,-3700.92,0,130,6.791538462,0.1744,0.06305
700,9304.6,-3887.68,0,130,7.466576923,0.1744,0.06305
1264,9503.2518,-3832.98692,0,138,5.712789855,0.16562,0.06311
849,9369.59185,-3971.15804,0,138,6.896413043,0.16562,0.06311
724,9319.9,-3762.56,0,137,10.83653285,0.16566,0.06317
609,9067.45,-3993.48,0,105,1.411809524,0.168735,0.063385
704,9305.47805,-4068.60996,0,128,12.958125,0.17568,0.06341
114,8244.65,-4076.28,0,127,4.90976378,0.16622,0.063585
125,8253.15,-3728.52,0,14,3.44,0.0889,0.0637
894,9388.9761,-4048.8778,0,129,4.864224806,0.17699,0.06398
262,8468.2,-3528.88,0,45,11.66222222,0.222,0.06425
1187,9482.25,-3734.04,0,120,5.536666667,0.16435,0.0643
772,9336.05,-3937.36,0,120,6.2755,0.16435,0.0643
640,9208.55,-3861.92,0,120,9.211666667,0.16435,0.0643
283,8498.8,-3321.88,0,81,8.453209877,0.11895,0.06445
675,9279.95,-3884,0,137,9.262624088,0.177,0.06453
1275,9505.2,-3573.96,0,88,5.806363636,0.1891,0.0648
1094,9453.54465,-3270.20544,0,123,3.911707317,0.2616,0.06495
315,8537.9,-3308.08,0,56,15.87642857,0.1226,0.065
1010,9429.38425,-4142.20444,0,137,4.403978102,0.14587,0.06509
1061,9443.15,-3786.48,0,138,8.531855072,0.18485,0.06532
720,9315.65,-3707.36,0,138,7.818565217,0.1782,0.06542
1064,9444.3706,-3990.29864,0,125,10.75752,0.1717,0.06555
874,9379.67115,-3973.88124,0,120,12.11725,0.16145,0.0656
680,9283.35,-3933.68,0,131,8.257480916,0.17298,0.06563
733,9323.3,-3930,0,124,4.437322581,0.16947,0.06594
754,9330.1,-3931.84,0,124,5.778596774,0.16947,0.06594
1297,9511.2163,-4163.78212,0,129,6.533534884,0.1741,0.06598
1249,9498.4,-3569.36,0,120,4.6775,0.2265,0.066
1228,9490.75,-3523.36,0,132,8.141575758,0.17421,0.06606
1127,9466.09235,-3958.85212,0,124,8.265443548,0.17159,0.06618
459,8750.4,-3355,0,94,5.965957447,0.1009,0.0666
708,9309.7,-3894.12,0,126,5.872619048,0.17203,0.06676
1195,9484.8,-3554.64,0,102,14.37137255,0.1435,0.0674
543,8867.7,-3274.04,0,45,17.54722222,0.15675,0.0675
535,8854.1,-3302.56,0,112,4.087901786,0.2485,0.0678
1183,9481.6125,-4124.15312,0,132,3.194,0.1808,0.06842
545,8870.25,-3815,0,124,5.224677419,0.20121,0.06862
665,9268.9,-3917.12,0,137,7.503138686,0.18051,0.06898
528,8831.15,-3247.36,0,110,2.877272727,0.182,0.069
955,9415.47655,-4007.0914,0,131,7.993885496,0.18076,0.06912
1149,9473.5579,-4015.56736,0,134,5.922350746,0.1834,0.06924
931,9407.1797,-3977.5732,0,134,9.13088806,0.1834,0.06924
1148,9473.01985,-3949.46812,0,132,4.727916667,0.18207,0.06954
982,9422.6888,-4017.84988,0,132,8.745893939,0.18207,0.06954
669,9275.7,-3921.72,0,130,7.532307692,0.17065,0.06965
249,8452.05,-3240,0,133,7.169097744,0.27585,0.06965
135,8259.95,-3745.08,0,135,1.645185185,0.106,0.06975
752,9329.25,-3921.72,0,135,7.942814815,0.1818,0.06975
895,9389.0033,-3942.12468,0,133,3.552105263,0.18338,0.06996
84,8214.6654,-4100.38492,0,130,5.978461538,0.159,0.07
1122,9465.131,-4012.30412,0,136,6.521551471,0.186,0.07006
1020,9431.88155,-4025.52636,0,139,9.648255396,0.15964,0.07013
854,9370.48775,-4116.62016,0,134,9.438723881,0.18469,0.07038
992,9426.14065,-3972.3752,0,137,5.933390511,0.1873,0.07047
790,9344.3885,-4121.1346,0,137,12.18005109,0.1873,0.07047
876,9380.5645,-3933.52176,0,135,6.251481481,0.186,0.0708
951,9414.25,-3515.08,0,136,9.223235294,0.18483,0.07086
728,9320.99225,-4116.33036,0,138,11.46849275,0.1886,0.07088
237,8439.3,-3742.32,0,85,16.08,0.2245,0.071
887,9384.8383,-3925.86644,0,139,5.014758993,0.1899,0.07129
1098,9455.48945,-3928.13608,0,139,7.668100719,0.1899,0.07129
1248,9498.4,-3739.56,0,138,4.320217391,0.18739,0.07168
736,9324.15,-3926.32,0,138,4.882898551,0.18739,0.07168
1166,9477.15,-3727.6,0,139,7.456834532,0.18867,0.07209
555,8884.7,-3302.56,0,74,11.20310811,0.1134,0.0725
1198,9485.65,-3728.52,0,140,8.206928571,0.18995,0.0725
434,8726.6,-3249.2,0,100,5.664,0.2,0.073
430,8724.05,-3369.72,0,71,4.849014085,0.19335,0.0734
217,8399.35,-3424,0,130,3.593846154,0.1805,0.0745
800,9347.20795,-3999.61456,0,140,5.7185,0.19565,0.07455
516,8809.9,-3889.52,0,95,8.120526316,0.203,0.07525
445,8735.1,-3370.64,0,110,9.442727273,0.242,0.077
504,8787.8,-3268.52,0,85,10.23117647,0.152,0.07725
536,8856.65,-3163.64,0,80,4.5075,0.143,0.078
499,8777.6,-3227.12,0,60,9.086666667,0.21,0.078
197,8372.15,-3977.84,0,110,2.425454545,0.20465,0.07845
223,8407,-3205.04,0,83,7.249216867,0.13786,0.07848
567,8959.7703,-3414.72732,0,70,9.751428571,0.2325,0.0805
558,8895.98205,-3675.14344,0,127,12.54275591,0.22216,0.080585
556,8886.4,-3503.12,0,123,4.548943089,0.11745,0.08065
171,8288.85,-3274.96,0,90,6.408888889,0.1675,0.081
386,8653.5,-3315.44,0,53,17.56037736,0.1415,0.08125
340,8585.5,-3607.08,0,70,9.192857143,0.1635,0.085
503,8786.95,-3200.44,0,101,9.973663366,0.2039,0.086
540,8864.3,-3167.32,0,110,5.832727273,0.199,0.0865
498,8776.75,-3157.2,0,70,9.862857143,0.2115,0.0865
1215,9488.2,-3701.84,0,114,12.87236842,0.31305,0.0878
428,8723.2,-3245.52,0,100,5.553,0.135,0.088
598,9058.1,-3926.32,0,99,16.18181818,0.15493,0.08814
647,9233.2,-3547.28,0,80,2.08875,0.15385,0.0892
319,8540.45,-3310.84,0,70,10.57285714,0.1435,0.09
320,8545.55,-3711.96,0,120,7.166666667,0.4,0.091
1206,9486.5,-3705.52,0,137,11.75145985,0.3478,0.09235
287,8506.45,-3640.2,0,90,7.878888889,0.1935,0.093
448,8738.5,-3378,0,136,5.269411765,0.26315,0.09555
513,8805.65,-3213.32,0,94,10.15531915,0.1931,0.1022
833,9363.25,-3643.88,0,120,13.09,0.276,0.105
412,8694.3,-3464.48,0,82,10.53634146,0.2086,0.1053
329,8560.85,-4087.32,0,110,9.392727273,0.2505,0.108
348,8600.8,-3902.4,0,110,16.74545455,0.19,0.1085
1236,9493.3,-3563.84,0,135,8.419259259,0.276,0.1085
317,8538.75,-3297.04,0,65,15.82615385,0.21175,0.10875
371,8638.2,-3145.24,0,63,13.89722222,0.1757,0.1121
624,9114.2,-3896.88,0,127,8.657047244,0.209925,0.115695
53,8180.9,-3462.64,0,90,16.64444444,0.208,0.1225
291,8515.8,-4032.12,0,50,9.1266,0.1035,0.1249
1227,9490.75,-3561.08,0,140,6.488571429,0.3475,0.129
840,9366.65,-3640.2,0,120,11.1325,0.3,0.1335
224,8407.85,-3435.04,0,130,7.49,0.346,0.155
488,8767.4,-3356.84,0,60,3.463333333,0.312,0.179
477,8760.6,-3361.44,0,90,3.204444444,0.3675,0.254
617,9092.7137,-4016.33648,0,137,1.79020073,0.072995,0.557845
